SUBSIDIARIA;CENTRO DE COSTO;CATEGORIA;CUENTA;ANIO;ESTADO;ENERO;FEBRERO;MARZO;ABRIL;MAYO;JUNIO;JULIO;AGOSTO;SEPTIEMBRE;OCTUBRE;NOVIEMBRE;DICIEMBRE;TOTAL;
HADES CAPITAL SAPI DE C.V.,LA HAUS S.A.S.,LA MEJOR LA HAUS  S. DE R.L. de C.V.,LH CAPITAL S.A.S.;01-GROWTH,0101-GENERAL,0102-EXPANSION,0103-FINTECH,0104-GENERAL PROJECTS;;;2022;Presupuestado;.00;.00;.00;.00;.00;.00;.00;74021.95;74021.95;74021.95;74021.95;74021.95;370109.75;
HADES CAPITAL SAPI DE C.V.,LA HAUS S.A.S.,LA MEJOR LA HAUS  S. DE R.L. de C.V.,LH CAPITAL S.A.S.;01-GROWTH,0101-GENERAL,0102-EXPANSION,0103-FINTECH,0104-GENERAL PROJECTS;;;2022;Reservado;.00;.00;.00;.00;.00;.00;.00;.00;.00;.00;.00;.00;.00;
HADES CAPITAL SAPI DE C.V.,LA HAUS S.A.S.,LA MEJOR LA HAUS  S. DE R.L. de C.V.,LH CAPITAL S.A.S.;01-GROWTH,0101-GENERAL,0102-EXPANSION,0103-FINTECH,0104-GENERAL PROJECTS;;;2022;Comprometido;.00;.00;.00;.00;.00;.00;.00;.00;.00;.00;.00;.00;.00;
HADES CAPITAL SAPI DE C.V.,LA HAUS S.A.S.,LA MEJOR LA HAUS  S. DE R.L. de C.V.,LH CAPITAL S.A.S.;01-GROWTH,0101-GENERAL,0102-EXPANSION,0103-FINTECH,0104-GENERAL PROJECTS;;;2022;Ejecutado;.00;.00;.00;.00;.00;.00;.00;1252.51;.00;.00;.00;.00;1252.51;
HADES CAPITAL SAPI DE C.V.,LA HAUS S.A.S.,LA MEJOR LA HAUS  S. DE R.L. de C.V.,LH CAPITAL S.A.S.;01-GROWTH,0101-GENERAL,0102-EXPANSION,0103-FINTECH,0104-GENERAL PROJECTS;;;2022;Pagado;.00;.00;.00;.00;.00;.00;.00;.00;.00;.00;.00;.00;.00;
HADES CAPITAL SAPI DE C.V.,LA HAUS S.A.S.,LA MEJOR LA HAUS  S. DE R.L. de C.V.,LH CAPITAL S.A.S.;01-GROWTH,0101-GENERAL,0102-EXPANSION,0103-FINTECH,0104-GENERAL PROJECTS;;;2022;Transferido;.00;.00;.00;.00;.00;.00;.00;.00;.00;.00;.00;.00;.00;
HADES CAPITAL SAPI DE C.V.,LA HAUS S.A.S.,LA MEJOR LA HAUS  S. DE R.L. de C.V.,LH CAPITAL S.A.S.;01-GROWTH,0101-GENERAL,0102-EXPANSION,0103-FINTECH,0104-GENERAL PROJECTS;;;2022;Adición;.00;.00;.00;.00;.00;.00;.00;.00;.00;.00;.00;.00;.00;
HADES CAPITAL SAPI DE C.V.,LA HAUS S.A.S.,LA MEJOR LA HAUS  S. DE R.L. de C.V.,LH CAPITAL S.A.S.;01-GROWTH,0101-GENERAL,0102-EXPANSION,0103-FINTECH,0104-GENERAL PROJECTS;;;2022;Disponible;.00;.00;.00;.00;.00;.00;.00;72769.44;74021.95;74021.95;74021.95;74021.95;368857.24;
HADES CAPITAL SAPI DE C.V.,LA HAUS S.A.S.,LA MEJOR LA HAUS  S. DE R.L. de C.V.,LH CAPITAL S.A.S.;02-LEGAL,0201-GENERAL,0202-FINTECH,0203-INTELLECTUAL PROPERTY,0204-LABOR,0205-GENERAL PROJECTS;;;2022;Presupuestado;.00;.00;.00;.00;.00;.00;.00;52849.05;52849.05;52849.05;52849.05;52849.05;264245.25;
HADES CAPITAL SAPI DE C.V.,LA HAUS S.A.S.,LA MEJOR LA HAUS  S. DE R.L. de C.V.,LH CAPITAL S.A.S.;02-LEGAL,0201-GENERAL,0202-FINTECH,0203-INTELLECTUAL PROPERTY,0204-LABOR,0205-GENERAL PROJECTS;;;2022;Reservado;.00;.00;.00;.00;.00;.00;.00;.00;.00;.00;.00;.00;.00;
HADES CAPITAL SAPI DE C.V.,LA HAUS S.A.S.,LA MEJOR LA HAUS  S. DE R.L. de C.V.,LH CAPITAL S.A.S.;02-LEGAL,0201-GENERAL,0202-FINTECH,0203-INTELLECTUAL PROPERTY,0204-LABOR,0205-GENERAL PROJECTS;;;2022;Comprometido;.00;.00;.00;.00;.00;.00;.00;2666.66;.00;.00;.00;.00;2666.66;
HADES CAPITAL SAPI DE C.V.,LA HAUS S.A.S.,LA MEJOR LA HAUS  S. DE R.L. de C.V.,LH CAPITAL S.A.S.;02-LEGAL,0201-GENERAL,0202-FINTECH,0203-INTELLECTUAL PROPERTY,0204-LABOR,0205-GENERAL PROJECTS;;;2022;Ejecutado;.00;.00;.00;.00;.00;.00;.00;3016.65;.00;.00;.00;.00;3016.65;
HADES CAPITAL SAPI DE C.V.,LA HAUS S.A.S.,LA MEJOR LA HAUS  S. DE R.L. de C.V.,LH CAPITAL S.A.S.;02-LEGAL,0201-GENERAL,0202-FINTECH,0203-INTELLECTUAL PROPERTY,0204-LABOR,0205-GENERAL PROJECTS;;;2022;Pagado;.00;.00;.00;.00;.00;.00;.00;.00;.00;.00;.00;.00;.00;
HADES CAPITAL SAPI DE C.V.,LA HAUS S.A.S.,LA MEJOR LA HAUS  S. DE R.L. de C.V.,LH CAPITAL S.A.S.;02-LEGAL,0201-GENERAL,0202-FINTECH,0203-INTELLECTUAL PROPERTY,0204-LABOR,0205-GENERAL PROJECTS;;;2022;Transferido;.00;.00;.00;.00;.00;.00;.00;.00;.00;.00;.00;.00;.00;
HADES CAPITAL SAPI DE C.V.,LA HAUS S.A.S.,LA MEJOR LA HAUS  S. DE R.L. de C.V.,LH CAPITAL S.A.S.;02-LEGAL,0201-GENERAL,0202-FINTECH,0203-INTELLECTUAL PROPERTY,0204-LABOR,0205-GENERAL PROJECTS;;;2022;Adición;.00;.00;.00;.00;.00;.00;.00;.00;.00;.00;.00;.00;.00;
HADES CAPITAL SAPI DE C.V.,LA HAUS S.A.S.,LA MEJOR LA HAUS  S. DE R.L. de C.V.,LH CAPITAL S.A.S.;02-LEGAL,0201-GENERAL,0202-FINTECH,0203-INTELLECTUAL PROPERTY,0204-LABOR,0205-GENERAL PROJECTS;;;2022;Disponible;.00;.00;.00;.00;.00;.00;.00;47165.74;52849.05;52849.05;52849.05;52849.05;258561.94;
HADES CAPITAL SAPI DE C.V.,LA HAUS S.A.S.,LA MEJOR LA HAUS  S. DE R.L. de C.V.,LH CAPITAL S.A.S.;03-TECH,0301-GENERAL,0302-IT / SEC,0303-FINTECH,0304-DATA,0305-BUSINESS CORE,0306-SELLER,0307-BUYER,0308-ENGINEERING PLATFORM,0309-GENERAL PROJECTS;;;2022;Presupuestado;.00;.00;.00;.00;.00;.00;.00;652579.30;652579.30;652579.30;652579.30;652579.30;3262896.50;
HADES CAPITAL SAPI DE C.V.,LA HAUS S.A.S.,LA MEJOR LA HAUS  S. DE R.L. de C.V.,LH CAPITAL S.A.S.;03-TECH,0301-GENERAL,0302-IT / SEC,0303-FINTECH,0304-DATA,0305-BUSINESS CORE,0306-SELLER,0307-BUYER,0308-ENGINEERING PLATFORM,0309-GENERAL PROJECTS;;;2022;Reservado;.00;.00;.00;.00;.00;.00;404999.80;4829.39;.00;.00;.00;.00;409829.19;
HADES CAPITAL SAPI DE C.V.,LA HAUS S.A.S.,LA MEJOR LA HAUS  S. DE R.L. de C.V.,LH CAPITAL S.A.S.;03-TECH,0301-GENERAL,0302-IT / SEC,0303-FINTECH,0304-DATA,0305-BUSINESS CORE,0306-SELLER,0307-BUYER,0308-ENGINEERING PLATFORM,0309-GENERAL PROJECTS;;;2022;Comprometido;.00;.00;.00;.00;.00;.00;.00;352548.15;.00;.00;.00;.00;352548.15;
HADES CAPITAL SAPI DE C.V.,LA HAUS S.A.S.,LA MEJOR LA HAUS  S. DE R.L. de C.V.,LH CAPITAL S.A.S.;03-TECH,0301-GENERAL,0302-IT / SEC,0303-FINTECH,0304-DATA,0305-BUSINESS CORE,0306-SELLER,0307-BUYER,0308-ENGINEERING PLATFORM,0309-GENERAL PROJECTS;;;2022;Ejecutado;.00;.00;.00;.00;.00;.00;.00;167748.35;.00;.00;.00;.00;167748.35;
HADES CAPITAL SAPI DE C.V.,LA HAUS S.A.S.,LA MEJOR LA HAUS  S. DE R.L. de C.V.,LH CAPITAL S.A.S.;03-TECH,0301-GENERAL,0302-IT / SEC,0303-FINTECH,0304-DATA,0305-BUSINESS CORE,0306-SELLER,0307-BUYER,0308-ENGINEERING PLATFORM,0309-GENERAL PROJECTS;;;2022;Pagado;.00;.00;.00;.00;.00;.00;.00;.00;.00;.00;.00;.00;.00;
HADES CAPITAL SAPI DE C.V.,LA HAUS S.A.S.,LA MEJOR LA HAUS  S. DE R.L. de C.V.,LH CAPITAL S.A.S.;03-TECH,0301-GENERAL,0302-IT / SEC,0303-FINTECH,0304-DATA,0305-BUSINESS CORE,0306-SELLER,0307-BUYER,0308-ENGINEERING PLATFORM,0309-GENERAL PROJECTS;;;2022;Transferido;.00;.00;.00;.00;.00;.00;.00;-8910.00;.00;.00;.00;.00;-8910.00;
HADES CAPITAL SAPI DE C.V.,LA HAUS S.A.S.,LA MEJOR LA HAUS  S. DE R.L. de C.V.,LH CAPITAL S.A.S.;03-TECH,0301-GENERAL,0302-IT / SEC,0303-FINTECH,0304-DATA,0305-BUSINESS CORE,0306-SELLER,0307-BUYER,0308-ENGINEERING PLATFORM,0309-GENERAL PROJECTS;;;2022;Adición;.00;.00;.00;.00;.00;.00;.00;.00;.00;.00;.00;.00;.00;
HADES CAPITAL SAPI DE C.V.,LA HAUS S.A.S.,LA MEJOR LA HAUS  S. DE R.L. de C.V.,LH CAPITAL S.A.S.;03-TECH,0301-GENERAL,0302-IT / SEC,0303-FINTECH,0304-DATA,0305-BUSINESS CORE,0306-SELLER,0307-BUYER,0308-ENGINEERING PLATFORM,0309-GENERAL PROJECTS;;;2022;Disponible;.00;.00;.00;.00;.00;.00;.00;123386.16;652579.30;652579.30;652579.30;652579.30;2733703.36;
HADES CAPITAL SAPI DE C.V.,LA HAUS S.A.S.,LA MEJOR LA HAUS  S. DE R.L. de C.V.,LH CAPITAL S.A.S.;04-ADMIN,0401-GENERAL,0402-DATA ANALYST,0403-PROCUREMENT,0404-QUALITY SALES,0405-INVOICING,0406-COLLECTIONS,0407-TREAUSURY,0408-ACCOUNTING,0409-QUALITY PROCESS,0410-GENERAL PROJECTS;;;2022;Presupuestado;.00;.00;.00;.00;.00;.00;.00;234146.90;234146.90;234146.90;234146.90;234146.90;1170734.50;
HADES CAPITAL SAPI DE C.V.,LA HAUS S.A.S.,LA MEJOR LA HAUS  S. DE R.L. de C.V.,LH CAPITAL S.A.S.;04-ADMIN,0401-GENERAL,0402-DATA ANALYST,0403-PROCUREMENT,0404-QUALITY SALES,0405-INVOICING,0406-COLLECTIONS,0407-TREAUSURY,0408-ACCOUNTING,0409-QUALITY PROCESS,0410-GENERAL PROJECTS;;;2022;Reservado;.00;.00;.00;.00;.00;.00;.00;172.07;.00;.00;.00;.00;172.07;
HADES CAPITAL SAPI DE C.V.,LA HAUS S.A.S.,LA MEJOR LA HAUS  S. DE R.L. de C.V.,LH CAPITAL S.A.S.;04-ADMIN,0401-GENERAL,0402-DATA ANALYST,0403-PROCUREMENT,0404-QUALITY SALES,0405-INVOICING,0406-COLLECTIONS,0407-TREAUSURY,0408-ACCOUNTING,0409-QUALITY PROCESS,0410-GENERAL PROJECTS;;;2022;Comprometido;.00;.00;.00;.00;.00;.00;.00;60421.75;.00;.00;.00;.00;60421.75;
HADES CAPITAL SAPI DE C.V.,LA HAUS S.A.S.,LA MEJOR LA HAUS  S. DE R.L. de C.V.,LH CAPITAL S.A.S.;04-ADMIN,0401-GENERAL,0402-DATA ANALYST,0403-PROCUREMENT,0404-QUALITY SALES,0405-INVOICING,0406-COLLECTIONS,0407-TREAUSURY,0408-ACCOUNTING,0409-QUALITY PROCESS,0410-GENERAL PROJECTS;;;2022;Ejecutado;.00;.00;.00;.00;.00;.00;.00;8002.04;.00;.00;944.06;.00;8946.10;
HADES CAPITAL SAPI DE C.V.,LA HAUS S.A.S.,LA MEJOR LA HAUS  S. DE R.L. de C.V.,LH CAPITAL S.A.S.;04-ADMIN,0401-GENERAL,0402-DATA ANALYST,0403-PROCUREMENT,0404-QUALITY SALES,0405-INVOICING,0406-COLLECTIONS,0407-TREAUSURY,0408-ACCOUNTING,0409-QUALITY PROCESS,0410-GENERAL PROJECTS;;;2022;Pagado;.00;.00;.00;.00;.00;.00;.00;.00;.00;.00;.00;.00;.00;
HADES CAPITAL SAPI DE C.V.,LA HAUS S.A.S.,LA MEJOR LA HAUS  S. DE R.L. de C.V.,LH CAPITAL S.A.S.;04-ADMIN,0401-GENERAL,0402-DATA ANALYST,0403-PROCUREMENT,0404-QUALITY SALES,0405-INVOICING,0406-COLLECTIONS,0407-TREAUSURY,0408-ACCOUNTING,0409-QUALITY PROCESS,0410-GENERAL PROJECTS;;;2022;Transferido;.00;.00;.00;.00;.00;.00;.00;.00;.00;.00;.00;.00;.00;
HADES CAPITAL SAPI DE C.V.,LA HAUS S.A.S.,LA MEJOR LA HAUS  S. DE R.L. de C.V.,LH CAPITAL S.A.S.;04-ADMIN,0401-GENERAL,0402-DATA ANALYST,0403-PROCUREMENT,0404-QUALITY SALES,0405-INVOICING,0406-COLLECTIONS,0407-TREAUSURY,0408-ACCOUNTING,0409-QUALITY PROCESS,0410-GENERAL PROJECTS;;;2022;Adición;.00;.00;.00;.00;.00;.00;.00;.00;.00;.00;.00;.00;.00;
HADES CAPITAL SAPI DE C.V.,LA HAUS S.A.S.,LA MEJOR LA HAUS  S. DE R.L. de C.V.,LH CAPITAL S.A.S.;04-ADMIN,0401-GENERAL,0402-DATA ANALYST,0403-PROCUREMENT,0404-QUALITY SALES,0405-INVOICING,0406-COLLECTIONS,0407-TREAUSURY,0408-ACCOUNTING,0409-QUALITY PROCESS,0410-GENERAL PROJECTS;;;2022;Disponible;.00;.00;.00;.00;.00;.00;.00;165723.11;234146.90;234146.90;233202.84;234146.90;1101366.65;
HADES CAPITAL SAPI DE C.V.,LA HAUS S.A.S.,LA MEJOR LA HAUS  S. DE R.L. de C.V.,LH CAPITAL S.A.S.;05-FINANCE,0501-GENERAL,0502-FP&A,0503-CORPORATE FINANCE AND M&A,0504-CAPITAL ALLOCATION,0505-INVESTOR RELATIONS,0506-CAPITAL RAISING,0507-GENERAL PROJECTS;;;2022;Presupuestado;.00;.00;.00;.00;.00;.00;.00;4044188.45;41053.45;41053.45;41053.45;41053.45;205267.25;
HADES CAPITAL SAPI DE C.V.,LA HAUS S.A.S.,LA MEJOR LA HAUS  S. DE R.L. de C.V.,LH CAPITAL S.A.S.;05-FINANCE,0501-GENERAL,0502-FP&A,0503-CORPORATE FINANCE AND M&A,0504-CAPITAL ALLOCATION,0505-INVESTOR RELATIONS,0506-CAPITAL RAISING,0507-GENERAL PROJECTS;;;2022;Reservado;.00;.00;.00;.00;.00;.00;.00;.00;.00;.00;.00;.00;17.82;
HADES CAPITAL SAPI DE C.V.,LA HAUS S.A.S.,LA MEJOR LA HAUS  S. DE R.L. de C.V.,LH CAPITAL S.A.S.;05-FINANCE,0501-GENERAL,0502-FP&A,0503-CORPORATE FINANCE AND M&A,0504-CAPITAL ALLOCATION,0505-INVESTOR RELATIONS,0506-CAPITAL RAISING,0507-GENERAL PROJECTS;;;2022;Comprometido;.00;.00;.00;.00;.00;.00;.00;.00;.00;.00;.00;.00;.00;
HADES CAPITAL SAPI DE C.V.,LA HAUS S.A.S.,LA MEJOR LA HAUS  S. DE R.L. de C.V.,LH CAPITAL S.A.S.;05-FINANCE,0501-GENERAL,0502-FP&A,0503-CORPORATE FINANCE AND M&A,0504-CAPITAL ALLOCATION,0505-INVESTOR RELATIONS,0506-CAPITAL RAISING,0507-GENERAL PROJECTS;;;2022;Ejecutado;.00;.00;.00;.00;.00;.00;.00;515262.95;.00;.00;.00;.00;515262.95;
HADES CAPITAL SAPI DE C.V.,LA HAUS S.A.S.,LA MEJOR LA HAUS  S. DE R.L. de C.V.,LH CAPITAL S.A.S.;05-FINANCE,0501-GENERAL,0502-FP&A,0503-CORPORATE FINANCE AND M&A,0504-CAPITAL ALLOCATION,0505-INVESTOR RELATIONS,0506-CAPITAL RAISING,0507-GENERAL PROJECTS;;;2022;Pagado;.00;.00;.00;.00;.00;.00;.00;.00;.00;.00;.00;.00;.00;
HADES CAPITAL SAPI DE C.V.,LA HAUS S.A.S.,LA MEJOR LA HAUS  S. DE R.L. de C.V.,LH CAPITAL S.A.S.;05-FINANCE,0501-GENERAL,0502-FP&A,0503-CORPORATE FINANCE AND M&A,0504-CAPITAL ALLOCATION,0505-INVESTOR RELATIONS,0506-CAPITAL RAISING,0507-GENERAL PROJECTS;;;2022;Transferido;.00;.00;.00;.00;.00;.00;.00;.00;.00;.00;.00;.00;.00;
HADES CAPITAL SAPI DE C.V.,LA HAUS S.A.S.,LA MEJOR LA HAUS  S. DE R.L. de C.V.,LH CAPITAL S.A.S.;05-FINANCE,0501-GENERAL,0502-FP&A,0503-CORPORATE FINANCE AND M&A,0504-CAPITAL ALLOCATION,0505-INVESTOR RELATIONS,0506-CAPITAL RAISING,0507-GENERAL PROJECTS;;;2022;Adición;.00;.00;.00;.00;.00;.00;.00;4003135.00;.00;.00;.00;.00;4003135.00;
HADES CAPITAL SAPI DE C.V.,LA HAUS S.A.S.,LA MEJOR LA HAUS  S. DE R.L. de C.V.,LH CAPITAL S.A.S.;05-FINANCE,0501-GENERAL,0502-FP&A,0503-CORPORATE FINANCE AND M&A,0504-CAPITAL ALLOCATION,0505-INVESTOR RELATIONS,0506-CAPITAL RAISING,0507-GENERAL PROJECTS;;;2022;Disponible;.00;.00;.00;.00;.00;.00;.00;3528925.50;82106.90;82106.90;82106.90;82106.90;3857353.10;
HADES CAPITAL SAPI DE C.V.,LA HAUS S.A.S.,LA MEJOR LA HAUS  S. DE R.L. de C.V.,LH CAPITAL S.A.S.;06-PRODUCT OPERATIONS,0601-GENERAL,0602-SELLER OPERATIONS,060201-GENERAL,060202-SAAS OPERATIONS,060203-QUALITY ASSURANCE,060204-MARKETPLACE OPERATIONS,060205-PLP OPERATIONS,0603-BUYER OPERATIONS,060301-GENERAL,060302-CUSTOMER SERVICE,060303-FINTECH SPECIALISTS,060304-TRANSACTION MANAGEMENT,060305-PAYMENT OPERATIONS,0604-GENERAL PROJECTS;;;2022;Presupuestado;.00;.00;.00;.00;.00;.00;.00;170322.70;170322.70;170322.70;170322.70;170322.70;851613.50;
HADES CAPITAL SAPI DE C.V.,LA HAUS S.A.S.,LA MEJOR LA HAUS  S. DE R.L. de C.V.,LH CAPITAL S.A.S.;06-PRODUCT OPERATIONS,0601-GENERAL,0602-SELLER OPERATIONS,060201-GENERAL,060202-SAAS OPERATIONS,060203-QUALITY ASSURANCE,060204-MARKETPLACE OPERATIONS,060205-PLP OPERATIONS,0603-BUYER OPERATIONS,060301-GENERAL,060302-CUSTOMER SERVICE,060303-FINTECH SPECIALISTS,060304-TRANSACTION MANAGEMENT,060305-PAYMENT OPERATIONS,0604-GENERAL PROJECTS;;;2022;Reservado;.00;.00;.00;.00;.00;.00;.00;-158.42;.00;.00;.00;.00;-158.42;
HADES CAPITAL SAPI DE C.V.,LA HAUS S.A.S.,LA MEJOR LA HAUS  S. DE R.L. de C.V.,LH CAPITAL S.A.S.;06-PRODUCT OPERATIONS,0601-GENERAL,0602-SELLER OPERATIONS,060201-GENERAL,060202-SAAS OPERATIONS,060203-QUALITY ASSURANCE,060204-MARKETPLACE OPERATIONS,060205-PLP OPERATIONS,0603-BUYER OPERATIONS,060301-GENERAL,060302-CUSTOMER SERVICE,060303-FINTECH SPECIALISTS,060304-TRANSACTION MANAGEMENT,060305-PAYMENT OPERATIONS,0604-GENERAL PROJECTS;;;2022;Comprometido;.00;.00;.00;.00;.00;.00;.00;240.44;.00;.00;.00;.00;240.44;
HADES CAPITAL SAPI DE C.V.,LA HAUS S.A.S.,LA MEJOR LA HAUS  S. DE R.L. de C.V.,LH CAPITAL S.A.S.;06-PRODUCT OPERATIONS,0601-GENERAL,0602-SELLER OPERATIONS,060201-GENERAL,060202-SAAS OPERATIONS,060203-QUALITY ASSURANCE,060204-MARKETPLACE OPERATIONS,060205-PLP OPERATIONS,0603-BUYER OPERATIONS,060301-GENERAL,060302-CUSTOMER SERVICE,060303-FINTECH SPECIALISTS,060304-TRANSACTION MANAGEMENT,060305-PAYMENT OPERATIONS,0604-GENERAL PROJECTS;;;2022;Ejecutado;.00;.00;.00;.00;.00;.00;.00;1676.02;.00;.00;.00;.00;1676.02;
HADES CAPITAL SAPI DE C.V.,LA HAUS S.A.S.,LA MEJOR LA HAUS  S. DE R.L. de C.V.,LH CAPITAL S.A.S.;06-PRODUCT OPERATIONS,0601-GENERAL,0602-SELLER OPERATIONS,060201-GENERAL,060202-SAAS OPERATIONS,060203-QUALITY ASSURANCE,060204-MARKETPLACE OPERATIONS,060205-PLP OPERATIONS,0603-BUYER OPERATIONS,060301-GENERAL,060302-CUSTOMER SERVICE,060303-FINTECH SPECIALISTS,060304-TRANSACTION MANAGEMENT,060305-PAYMENT OPERATIONS,0604-GENERAL PROJECTS;;;2022;Pagado;.00;.00;.00;.00;.00;.00;.00;.00;.00;.00;.00;.00;.00;
HADES CAPITAL SAPI DE C.V.,LA HAUS S.A.S.,LA MEJOR LA HAUS  S. DE R.L. de C.V.,LH CAPITAL S.A.S.;06-PRODUCT OPERATIONS,0601-GENERAL,0602-SELLER OPERATIONS,060201-GENERAL,060202-SAAS OPERATIONS,060203-QUALITY ASSURANCE,060204-MARKETPLACE OPERATIONS,060205-PLP OPERATIONS,0603-BUYER OPERATIONS,060301-GENERAL,060302-CUSTOMER SERVICE,060303-FINTECH SPECIALISTS,060304-TRANSACTION MANAGEMENT,060305-PAYMENT OPERATIONS,0604-GENERAL PROJECTS;;;2022;Transferido;.00;.00;.00;.00;.00;.00;.00;.00;.00;.00;.00;.00;.00;
HADES CAPITAL SAPI DE C.V.,LA HAUS S.A.S.,LA MEJOR LA HAUS  S. DE R.L. de C.V.,LH CAPITAL S.A.S.;06-PRODUCT OPERATIONS,0601-GENERAL,0602-SELLER OPERATIONS,060201-GENERAL,060202-SAAS OPERATIONS,060203-QUALITY ASSURANCE,060204-MARKETPLACE OPERATIONS,060205-PLP OPERATIONS,0603-BUYER OPERATIONS,060301-GENERAL,060302-CUSTOMER SERVICE,060303-FINTECH SPECIALISTS,060304-TRANSACTION MANAGEMENT,060305-PAYMENT OPERATIONS,0604-GENERAL PROJECTS;;;2022;Adición;.00;.00;.00;.00;.00;.00;.00;.00;.00;.00;.00;.00;.00;
HADES CAPITAL SAPI DE C.V.,LA HAUS S.A.S.,LA MEJOR LA HAUS  S. DE R.L. de C.V.,LH CAPITAL S.A.S.;06-PRODUCT OPERATIONS,0601-GENERAL,0602-SELLER OPERATIONS,060201-GENERAL,060202-SAAS OPERATIONS,060203-QUALITY ASSURANCE,060204-MARKETPLACE OPERATIONS,060205-PLP OPERATIONS,0603-BUYER OPERATIONS,060301-GENERAL,060302-CUSTOMER SERVICE,060303-FINTECH SPECIALISTS,060304-TRANSACTION MANAGEMENT,060305-PAYMENT OPERATIONS,0604-GENERAL PROJECTS;;;2022;Disponible;.00;.00;.00;.00;.00;.00;.00;168406.24;170322.70;170322.70;170322.70;170322.70;849697.04;
HADES CAPITAL SAPI DE C.V.,LA HAUS S.A.S.,LA MEJOR LA HAUS  S. DE R.L. de C.V.,LH CAPITAL S.A.S.;07-COMMERCIAL OPERATIONS,0701-GENERAL,0702-SALES STRATEGY,0703-MARKETING & SALES PERFORMANCE,0704-OFFICE PROCUREMENT,0705-COMPENSATION,0706-TRAINING & ONBOARDING,0707-SALES TOOLS,0708-GENERAL PROJECTS;;;2022;Presupuestado;.00;.00;.00;.00;.00;.00;.00;155550.45;155550.45;155550.45;155550.45;155550.45;777752.25;
HADES CAPITAL SAPI DE C.V.,LA HAUS S.A.S.,LA MEJOR LA HAUS  S. DE R.L. de C.V.,LH CAPITAL S.A.S.;07-COMMERCIAL OPERATIONS,0701-GENERAL,0702-SALES STRATEGY,0703-MARKETING & SALES PERFORMANCE,0704-OFFICE PROCUREMENT,0705-COMPENSATION,0706-TRAINING & ONBOARDING,0707-SALES TOOLS,0708-GENERAL PROJECTS;;;2022;Reservado;.00;.00;.00;.00;.00;.00;.00;-36.34;.00;.00;.00;.00;1463.66;
HADES CAPITAL SAPI DE C.V.,LA HAUS S.A.S.,LA MEJOR LA HAUS  S. DE R.L. de C.V.,LH CAPITAL S.A.S.;07-COMMERCIAL OPERATIONS,0701-GENERAL,0702-SALES STRATEGY,0703-MARKETING & SALES PERFORMANCE,0704-OFFICE PROCUREMENT,0705-COMPENSATION,0706-TRAINING & ONBOARDING,0707-SALES TOOLS,0708-GENERAL PROJECTS;;;2022;Comprometido;.00;.00;.00;.00;.00;.00;.00;8891.90;.00;.00;.00;.00;8891.90;
HADES CAPITAL SAPI DE C.V.,LA HAUS S.A.S.,LA MEJOR LA HAUS  S. DE R.L. de C.V.,LH CAPITAL S.A.S.;07-COMMERCIAL OPERATIONS,0701-GENERAL,0702-SALES STRATEGY,0703-MARKETING & SALES PERFORMANCE,0704-OFFICE PROCUREMENT,0705-COMPENSATION,0706-TRAINING & ONBOARDING,0707-SALES TOOLS,0708-GENERAL PROJECTS;;;2022;Ejecutado;.00;.00;.00;.00;.00;.00;.00;2525.35;.00;.00;.00;.00;2525.35;
HADES CAPITAL SAPI DE C.V.,LA HAUS S.A.S.,LA MEJOR LA HAUS  S. DE R.L. de C.V.,LH CAPITAL S.A.S.;07-COMMERCIAL OPERATIONS,0701-GENERAL,0702-SALES STRATEGY,0703-MARKETING & SALES PERFORMANCE,0704-OFFICE PROCUREMENT,0705-COMPENSATION,0706-TRAINING & ONBOARDING,0707-SALES TOOLS,0708-GENERAL PROJECTS;;;2022;Pagado;.00;.00;.00;.00;.00;.00;.00;.00;.00;.00;.00;.00;.00;
HADES CAPITAL SAPI DE C.V.,LA HAUS S.A.S.,LA MEJOR LA HAUS  S. DE R.L. de C.V.,LH CAPITAL S.A.S.;07-COMMERCIAL OPERATIONS,0701-GENERAL,0702-SALES STRATEGY,0703-MARKETING & SALES PERFORMANCE,0704-OFFICE PROCUREMENT,0705-COMPENSATION,0706-TRAINING & ONBOARDING,0707-SALES TOOLS,0708-GENERAL PROJECTS;;;2022;Transferido;.00;.00;.00;.00;.00;.00;.00;.00;.00;.00;.00;.00;.00;
HADES CAPITAL SAPI DE C.V.,LA HAUS S.A.S.,LA MEJOR LA HAUS  S. DE R.L. de C.V.,LH CAPITAL S.A.S.;07-COMMERCIAL OPERATIONS,0701-GENERAL,0702-SALES STRATEGY,0703-MARKETING & SALES PERFORMANCE,0704-OFFICE PROCUREMENT,0705-COMPENSATION,0706-TRAINING & ONBOARDING,0707-SALES TOOLS,0708-GENERAL PROJECTS;;;2022;Adición;.00;.00;.00;.00;.00;.00;.00;.00;.00;.00;.00;.00;.00;
HADES CAPITAL SAPI DE C.V.,LA HAUS S.A.S.,LA MEJOR LA HAUS  S. DE R.L. de C.V.,LH CAPITAL S.A.S.;07-COMMERCIAL OPERATIONS,0701-GENERAL,0702-SALES STRATEGY,0703-MARKETING & SALES PERFORMANCE,0704-OFFICE PROCUREMENT,0705-COMPENSATION,0706-TRAINING & ONBOARDING,0707-SALES TOOLS,0708-GENERAL PROJECTS;;;2022;Disponible;.00;.00;.00;.00;.00;.00;.00;144133.20;155550.45;155550.45;155550.45;155550.45;766335.00;
HADES CAPITAL SAPI DE C.V.,LA HAUS S.A.S.,LA MEJOR LA HAUS  S. DE R.L. de C.V.,LH CAPITAL S.A.S.;08-MARKETING,0801-GENERAL,0802-BRAND & CONTENT,0803-PERFORMANCE,0804-PAID MARKETING - EXPENSES & PERSONNEL,0805-PRODUCT MARKETING - EXPENSES & PERSONNEL,0806-BRAND & CONTENT,0807-FIELD MARKETING,080701-MÉXICO,080702-CIUDAD DE MEXICO,080703-GUADALAJARA,080704-MONTERREY,080705-QUERETARO,080706-CANCUN,080707-COLOMBIA,080708-BOGOTA,080709-MEDELLIN,080710-CALI,080711-CARIBE,080712-BRAZIL,080713-SAO PAULO,0808-PAID MARKETING - PUBLICITY,080801-MÉXICO,080802-CIUDAD DE MEXICO,080803-GUADALAJARA,080804-MONTERREY,080805-QUERETARO,080806-CANCUN,080807-COLOMBIA,080808-BOGOTA,080809-MEDELLIN,080810-CALI,080811-CARIBE,080812-BRAZIL,080813-SAO PAULO,0809-PRODUCT MARKETING - PUBLICITY,080901-MEXICO,080902-CIUDAD DE MEXICO,080903-GUADALAJARA,080904-MONTERREY,080905-QUERETARO,080906-CANCUN,080907-COLOMBIA,080908-BOGOTA,080909-MEDELLIN,080910-CALI,080911-CARIBE,080912-BRAZIL,080913-SAO PAULO,0810-GENERAL PROJECTS;;;2022;Presupuestado;.00;.00;.00;.00;.00;.00;.00;800000.00;800000.00;800000.00;800000.00;800000.00;4000000.00;
HADES CAPITAL SAPI DE C.V.,LA HAUS S.A.S.,LA MEJOR LA HAUS  S. DE R.L. de C.V.,LH CAPITAL S.A.S.;08-MARKETING,0801-GENERAL,0802-BRAND & CONTENT,0803-PERFORMANCE,0804-PAID MARKETING - EXPENSES & PERSONNEL,0805-PRODUCT MARKETING - EXPENSES & PERSONNEL,0806-BRAND & CONTENT,0807-FIELD MARKETING,080701-MÉXICO,080702-CIUDAD DE MEXICO,080703-GUADALAJARA,080704-MONTERREY,080705-QUERETARO,080706-CANCUN,080707-COLOMBIA,080708-BOGOTA,080709-MEDELLIN,080710-CALI,080711-CARIBE,080712-BRAZIL,080713-SAO PAULO,0808-PAID MARKETING - PUBLICITY,080801-MÉXICO,080802-CIUDAD DE MEXICO,080803-GUADALAJARA,080804-MONTERREY,080805-QUERETARO,080806-CANCUN,080807-COLOMBIA,080808-BOGOTA,080809-MEDELLIN,080810-CALI,080811-CARIBE,080812-BRAZIL,080813-SAO PAULO,0809-PRODUCT MARKETING - PUBLICITY,080901-MEXICO,080902-CIUDAD DE MEXICO,080903-GUADALAJARA,080904-MONTERREY,080905-QUERETARO,080906-CANCUN,080907-COLOMBIA,080908-BOGOTA,080909-MEDELLIN,080910-CALI,080911-CARIBE,080912-BRAZIL,080913-SAO PAULO,0810-GENERAL PROJECTS;;;2022;Reservado;.00;.00;.00;.00;.00;.00;1250.00;182452.52;.00;.00;.00;.00;183702.52;
HADES CAPITAL SAPI DE C.V.,LA HAUS S.A.S.,LA MEJOR LA HAUS  S. DE R.L. de C.V.,LH CAPITAL S.A.S.;08-MARKETING,0801-GENERAL,0802-BRAND & CONTENT,0803-PERFORMANCE,0804-PAID MARKETING - EXPENSES & PERSONNEL,0805-PRODUCT MARKETING - EXPENSES & PERSONNEL,0806-BRAND & CONTENT,0807-FIELD MARKETING,080701-MÉXICO,080702-CIUDAD DE MEXICO,080703-GUADALAJARA,080704-MONTERREY,080705-QUERETARO,080706-CANCUN,080707-COLOMBIA,080708-BOGOTA,080709-MEDELLIN,080710-CALI,080711-CARIBE,080712-BRAZIL,080713-SAO PAULO,0808-PAID MARKETING - PUBLICITY,080801-MÉXICO,080802-CIUDAD DE MEXICO,080803-GUADALAJARA,080804-MONTERREY,080805-QUERETARO,080806-CANCUN,080807-COLOMBIA,080808-BOGOTA,080809-MEDELLIN,080810-CALI,080811-CARIBE,080812-BRAZIL,080813-SAO PAULO,0809-PRODUCT MARKETING - PUBLICITY,080901-MEXICO,080902-CIUDAD DE MEXICO,080903-GUADALAJARA,080904-MONTERREY,080905-QUERETARO,080906-CANCUN,080907-COLOMBIA,080908-BOGOTA,080909-MEDELLIN,080910-CALI,080911-CARIBE,080912-BRAZIL,080913-SAO PAULO,0810-GENERAL PROJECTS;;;2022;Comprometido;.00;.00;.00;.00;.00;.00;.00;106114.90;.00;.00;.00;.00;106114.90;
HADES CAPITAL SAPI DE C.V.,LA HAUS S.A.S.,LA MEJOR LA HAUS  S. DE R.L. de C.V.,LH CAPITAL S.A.S.;08-MARKETING,0801-GENERAL,0802-BRAND & CONTENT,0803-PERFORMANCE,0804-PAID MARKETING - EXPENSES & PERSONNEL,0805-PRODUCT MARKETING - EXPENSES & PERSONNEL,0806-BRAND & CONTENT,0807-FIELD MARKETING,080701-MÉXICO,080702-CIUDAD DE MEXICO,080703-GUADALAJARA,080704-MONTERREY,080705-QUERETARO,080706-CANCUN,080707-COLOMBIA,080708-BOGOTA,080709-MEDELLIN,080710-CALI,080711-CARIBE,080712-BRAZIL,080713-SAO PAULO,0808-PAID MARKETING - PUBLICITY,080801-MÉXICO,080802-CIUDAD DE MEXICO,080803-GUADALAJARA,080804-MONTERREY,080805-QUERETARO,080806-CANCUN,080807-COLOMBIA,080808-BOGOTA,080809-MEDELLIN,080810-CALI,080811-CARIBE,080812-BRAZIL,080813-SAO PAULO,0809-PRODUCT MARKETING - PUBLICITY,080901-MEXICO,080902-CIUDAD DE MEXICO,080903-GUADALAJARA,080904-MONTERREY,080905-QUERETARO,080906-CANCUN,080907-COLOMBIA,080908-BOGOTA,080909-MEDELLIN,080910-CALI,080911-CARIBE,080912-BRAZIL,080913-SAO PAULO,0810-GENERAL PROJECTS;;;2022;Ejecutado;.00;.00;.00;.00;.00;.00;.00;219387.22;.00;.00;.00;.00;219387.22;
HADES CAPITAL SAPI DE C.V.,LA HAUS S.A.S.,LA MEJOR LA HAUS  S. DE R.L. de C.V.,LH CAPITAL S.A.S.;08-MARKETING,0801-GENERAL,0802-BRAND & CONTENT,0803-PERFORMANCE,0804-PAID MARKETING - EXPENSES & PERSONNEL,0805-PRODUCT MARKETING - EXPENSES & PERSONNEL,0806-BRAND & CONTENT,0807-FIELD MARKETING,080701-MÉXICO,080702-CIUDAD DE MEXICO,080703-GUADALAJARA,080704-MONTERREY,080705-QUERETARO,080706-CANCUN,080707-COLOMBIA,080708-BOGOTA,080709-MEDELLIN,080710-CALI,080711-CARIBE,080712-BRAZIL,080713-SAO PAULO,0808-PAID MARKETING - PUBLICITY,080801-MÉXICO,080802-CIUDAD DE MEXICO,080803-GUADALAJARA,080804-MONTERREY,080805-QUERETARO,080806-CANCUN,080807-COLOMBIA,080808-BOGOTA,080809-MEDELLIN,080810-CALI,080811-CARIBE,080812-BRAZIL,080813-SAO PAULO,0809-PRODUCT MARKETING - PUBLICITY,080901-MEXICO,080902-CIUDAD DE MEXICO,080903-GUADALAJARA,080904-MONTERREY,080905-QUERETARO,080906-CANCUN,080907-COLOMBIA,080908-BOGOTA,080909-MEDELLIN,080910-CALI,080911-CARIBE,080912-BRAZIL,080913-SAO PAULO,0810-GENERAL PROJECTS;;;2022;Pagado;.00;.00;.00;.00;.00;.00;.00;.00;.00;.00;.00;.00;.00;
HADES CAPITAL SAPI DE C.V.,LA HAUS S.A.S.,LA MEJOR LA HAUS  S. DE R.L. de C.V.,LH CAPITAL S.A.S.;08-MARKETING,0801-GENERAL,0802-BRAND & CONTENT,0803-PERFORMANCE,0804-PAID MARKETING - EXPENSES & PERSONNEL,0805-PRODUCT MARKETING - EXPENSES & PERSONNEL,0806-BRAND & CONTENT,0807-FIELD MARKETING,080701-MÉXICO,080702-CIUDAD DE MEXICO,080703-GUADALAJARA,080704-MONTERREY,080705-QUERETARO,080706-CANCUN,080707-COLOMBIA,080708-BOGOTA,080709-MEDELLIN,080710-CALI,080711-CARIBE,080712-BRAZIL,080713-SAO PAULO,0808-PAID MARKETING - PUBLICITY,080801-MÉXICO,080802-CIUDAD DE MEXICO,080803-GUADALAJARA,080804-MONTERREY,080805-QUERETARO,080806-CANCUN,080807-COLOMBIA,080808-BOGOTA,080809-MEDELLIN,080810-CALI,080811-CARIBE,080812-BRAZIL,080813-SAO PAULO,0809-PRODUCT MARKETING - PUBLICITY,080901-MEXICO,080902-CIUDAD DE MEXICO,080903-GUADALAJARA,080904-MONTERREY,080905-QUERETARO,080906-CANCUN,080907-COLOMBIA,080908-BOGOTA,080909-MEDELLIN,080910-CALI,080911-CARIBE,080912-BRAZIL,080913-SAO PAULO,0810-GENERAL PROJECTS;;;2022;Transferido;.00;.00;.00;.00;.00;.00;.00;.00;.00;.00;.00;.00;.00;
HADES CAPITAL SAPI DE C.V.,LA HAUS S.A.S.,LA MEJOR LA HAUS  S. DE R.L. de C.V.,LH CAPITAL S.A.S.;08-MARKETING,0801-GENERAL,0802-BRAND & CONTENT,0803-PERFORMANCE,0804-PAID MARKETING - EXPENSES & PERSONNEL,0805-PRODUCT MARKETING - EXPENSES & PERSONNEL,0806-BRAND & CONTENT,0807-FIELD MARKETING,080701-MÉXICO,080702-CIUDAD DE MEXICO,080703-GUADALAJARA,080704-MONTERREY,080705-QUERETARO,080706-CANCUN,080707-COLOMBIA,080708-BOGOTA,080709-MEDELLIN,080710-CALI,080711-CARIBE,080712-BRAZIL,080713-SAO PAULO,0808-PAID MARKETING - PUBLICITY,080801-MÉXICO,080802-CIUDAD DE MEXICO,080803-GUADALAJARA,080804-MONTERREY,080805-QUERETARO,080806-CANCUN,080807-COLOMBIA,080808-BOGOTA,080809-MEDELLIN,080810-CALI,080811-CARIBE,080812-BRAZIL,080813-SAO PAULO,0809-PRODUCT MARKETING - PUBLICITY,080901-MEXICO,080902-CIUDAD DE MEXICO,080903-GUADALAJARA,080904-MONTERREY,080905-QUERETARO,080906-CANCUN,080907-COLOMBIA,080908-BOGOTA,080909-MEDELLIN,080910-CALI,080911-CARIBE,080912-BRAZIL,080913-SAO PAULO,0810-GENERAL PROJECTS;;;2022;Adición;.00;.00;.00;.00;.00;.00;.00;.00;.00;.00;.00;.00;.00;
HADES CAPITAL SAPI DE C.V.,LA HAUS S.A.S.,LA MEJOR LA HAUS  S. DE R.L. de C.V.,LH CAPITAL S.A.S.;08-MARKETING,0801-GENERAL,0802-BRAND & CONTENT,0803-PERFORMANCE,0804-PAID MARKETING - EXPENSES & PERSONNEL,0805-PRODUCT MARKETING - EXPENSES & PERSONNEL,0806-BRAND & CONTENT,0807-FIELD MARKETING,080701-MÉXICO,080702-CIUDAD DE MEXICO,080703-GUADALAJARA,080704-MONTERREY,080705-QUERETARO,080706-CANCUN,080707-COLOMBIA,080708-BOGOTA,080709-MEDELLIN,080710-CALI,080711-CARIBE,080712-BRAZIL,080713-SAO PAULO,0808-PAID MARKETING - PUBLICITY,080801-MÉXICO,080802-CIUDAD DE MEXICO,080803-GUADALAJARA,080804-MONTERREY,080805-QUERETARO,080806-CANCUN,080807-COLOMBIA,080808-BOGOTA,080809-MEDELLIN,080810-CALI,080811-CARIBE,080812-BRAZIL,080813-SAO PAULO,0809-PRODUCT MARKETING - PUBLICITY,080901-MEXICO,080902-CIUDAD DE MEXICO,080903-GUADALAJARA,080904-MONTERREY,080905-QUERETARO,080906-CANCUN,080907-COLOMBIA,080908-BOGOTA,080909-MEDELLIN,080910-CALI,080911-CARIBE,080912-BRAZIL,080913-SAO PAULO,0810-GENERAL PROJECTS;;;2022;Disponible;.00;.00;.00;.00;.00;.00;.00;474497.90;800000.00;800000.00;800000.00;800000.00;3674497.90;
HADES CAPITAL SAPI DE C.V.,LA HAUS S.A.S.,LA MEJOR LA HAUS  S. DE R.L. de C.V.,LH CAPITAL S.A.S.;10-CONTROL,1001-GENERAL,1002-GENERAL PROJECTS;;;2022;Presupuestado;.00;.00;.00;.00;.00;.00;.00;9948.80;9948.80;9948.80;9948.80;9948.80;49744.00;
HADES CAPITAL SAPI DE C.V.,LA HAUS S.A.S.,LA MEJOR LA HAUS  S. DE R.L. de C.V.,LH CAPITAL S.A.S.;10-CONTROL,1001-GENERAL,1002-GENERAL PROJECTS;;;2022;Reservado;.00;.00;.00;.00;.00;.00;.00;.00;.00;.00;.00;.00;.00;
HADES CAPITAL SAPI DE C.V.,LA HAUS S.A.S.,LA MEJOR LA HAUS  S. DE R.L. de C.V.,LH CAPITAL S.A.S.;10-CONTROL,1001-GENERAL,1002-GENERAL PROJECTS;;;2022;Comprometido;.00;.00;.00;.00;.00;.00;.00;.00;.00;.00;.00;.00;.00;
HADES CAPITAL SAPI DE C.V.,LA HAUS S.A.S.,LA MEJOR LA HAUS  S. DE R.L. de C.V.,LH CAPITAL S.A.S.;10-CONTROL,1001-GENERAL,1002-GENERAL PROJECTS;;;2022;Ejecutado;.00;.00;.00;.00;.00;.00;.00;29.54;.00;.00;.00;.00;29.54;
HADES CAPITAL SAPI DE C.V.,LA HAUS S.A.S.,LA MEJOR LA HAUS  S. DE R.L. de C.V.,LH CAPITAL S.A.S.;10-CONTROL,1001-GENERAL,1002-GENERAL PROJECTS;;;2022;Pagado;.00;.00;.00;.00;.00;.00;.00;.00;.00;.00;.00;.00;.00;
HADES CAPITAL SAPI DE C.V.,LA HAUS S.A.S.,LA MEJOR LA HAUS  S. DE R.L. de C.V.,LH CAPITAL S.A.S.;10-CONTROL,1001-GENERAL,1002-GENERAL PROJECTS;;;2022;Transferido;.00;.00;.00;.00;.00;.00;.00;.00;.00;.00;.00;.00;.00;
HADES CAPITAL SAPI DE C.V.,LA HAUS S.A.S.,LA MEJOR LA HAUS  S. DE R.L. de C.V.,LH CAPITAL S.A.S.;10-CONTROL,1001-GENERAL,1002-GENERAL PROJECTS;;;2022;Adición;.00;.00;.00;.00;.00;.00;.00;.00;.00;.00;.00;.00;.00;
HADES CAPITAL SAPI DE C.V.,LA HAUS S.A.S.,LA MEJOR LA HAUS  S. DE R.L. de C.V.,LH CAPITAL S.A.S.;10-CONTROL,1001-GENERAL,1002-GENERAL PROJECTS;;;2022;Disponible;.00;.00;.00;.00;.00;.00;.00;9919.26;9948.80;9948.80;9948.80;9948.80;49714.46;
HADES CAPITAL SAPI DE C.V.,LA HAUS S.A.S.,LA MEJOR LA HAUS  S. DE R.L. de C.V.,LH CAPITAL S.A.S.;11-RISK,1101-GENERAL,1102-GENERAL PROJECTS;;;2022;Presupuestado;.00;.00;.00;.00;.00;.00;.00;42829.70;42829.70;42829.70;42829.70;42829.70;214148.50;
HADES CAPITAL SAPI DE C.V.,LA HAUS S.A.S.,LA MEJOR LA HAUS  S. DE R.L. de C.V.,LH CAPITAL S.A.S.;11-RISK,1101-GENERAL,1102-GENERAL PROJECTS;;;2022;Reservado;.00;.00;.00;.00;.00;.00;.00;.00;.00;.00;.00;.00;.00;
HADES CAPITAL SAPI DE C.V.,LA HAUS S.A.S.,LA MEJOR LA HAUS  S. DE R.L. de C.V.,LH CAPITAL S.A.S.;11-RISK,1101-GENERAL,1102-GENERAL PROJECTS;;;2022;Comprometido;.00;.00;.00;.00;.00;.00;.00;600.01;.00;.00;.00;.00;600.01;
HADES CAPITAL SAPI DE C.V.,LA HAUS S.A.S.,LA MEJOR LA HAUS  S. DE R.L. de C.V.,LH CAPITAL S.A.S.;11-RISK,1101-GENERAL,1102-GENERAL PROJECTS;;;2022;Ejecutado;.00;.00;.00;.00;.00;.00;.00;731.04;.00;.00;.00;.00;731.04;
HADES CAPITAL SAPI DE C.V.,LA HAUS S.A.S.,LA MEJOR LA HAUS  S. DE R.L. de C.V.,LH CAPITAL S.A.S.;11-RISK,1101-GENERAL,1102-GENERAL PROJECTS;;;2022;Pagado;.00;.00;.00;.00;.00;.00;.00;.00;.00;.00;.00;.00;.00;
HADES CAPITAL SAPI DE C.V.,LA HAUS S.A.S.,LA MEJOR LA HAUS  S. DE R.L. de C.V.,LH CAPITAL S.A.S.;11-RISK,1101-GENERAL,1102-GENERAL PROJECTS;;;2022;Transferido;.00;.00;.00;.00;.00;.00;.00;.00;.00;.00;.00;.00;.00;
HADES CAPITAL SAPI DE C.V.,LA HAUS S.A.S.,LA MEJOR LA HAUS  S. DE R.L. de C.V.,LH CAPITAL S.A.S.;11-RISK,1101-GENERAL,1102-GENERAL PROJECTS;;;2022;Adición;.00;.00;.00;.00;.00;.00;.00;.00;.00;.00;.00;.00;.00;
HADES CAPITAL SAPI DE C.V.,LA HAUS S.A.S.,LA MEJOR LA HAUS  S. DE R.L. de C.V.,LH CAPITAL S.A.S.;11-RISK,1101-GENERAL,1102-GENERAL PROJECTS;;;2022;Disponible;.00;.00;.00;.00;.00;.00;.00;41498.66;42829.70;42829.70;42829.70;42829.70;212817.46;
HADES CAPITAL SAPI DE C.V.,LA HAUS S.A.S.,LA MEJOR LA HAUS  S. DE R.L. de C.V.,LH CAPITAL S.A.S.;12-PRODUCT,1201-FIDUCIA,1202-DESIGN,1203-BUYER,1204-SELLER,1205-CORE,1206-FINTECH,1207-GENERAL PROJECTS;;;2022;Presupuestado;.00;.00;.00;.00;.00;.00;.00;215626.35;215626.35;215626.35;215626.35;215626.35;1078131.75;
HADES CAPITAL SAPI DE C.V.,LA HAUS S.A.S.,LA MEJOR LA HAUS  S. DE R.L. de C.V.,LH CAPITAL S.A.S.;12-PRODUCT,1201-FIDUCIA,1202-DESIGN,1203-BUYER,1204-SELLER,1205-CORE,1206-FINTECH,1207-GENERAL PROJECTS;;;2022;Reservado;.00;.00;.00;.00;.00;.00;.00;267.86;.00;.00;.00;.00;267.86;
HADES CAPITAL SAPI DE C.V.,LA HAUS S.A.S.,LA MEJOR LA HAUS  S. DE R.L. de C.V.,LH CAPITAL S.A.S.;12-PRODUCT,1201-FIDUCIA,1202-DESIGN,1203-BUYER,1204-SELLER,1205-CORE,1206-FINTECH,1207-GENERAL PROJECTS;;;2022;Comprometido;.00;.00;.00;.00;.00;.00;.00;15.28;.00;.00;.00;.00;15.28;
HADES CAPITAL SAPI DE C.V.,LA HAUS S.A.S.,LA MEJOR LA HAUS  S. DE R.L. de C.V.,LH CAPITAL S.A.S.;12-PRODUCT,1201-FIDUCIA,1202-DESIGN,1203-BUYER,1204-SELLER,1205-CORE,1206-FINTECH,1207-GENERAL PROJECTS;;;2022;Ejecutado;.00;.00;.00;.00;.00;.00;.00;31078.76;.00;.00;.00;.00;31078.76;
HADES CAPITAL SAPI DE C.V.,LA HAUS S.A.S.,LA MEJOR LA HAUS  S. DE R.L. de C.V.,LH CAPITAL S.A.S.;12-PRODUCT,1201-FIDUCIA,1202-DESIGN,1203-BUYER,1204-SELLER,1205-CORE,1206-FINTECH,1207-GENERAL PROJECTS;;;2022;Pagado;.00;.00;.00;.00;.00;.00;.00;.00;.00;.00;.00;.00;.00;
HADES CAPITAL SAPI DE C.V.,LA HAUS S.A.S.,LA MEJOR LA HAUS  S. DE R.L. de C.V.,LH CAPITAL S.A.S.;12-PRODUCT,1201-FIDUCIA,1202-DESIGN,1203-BUYER,1204-SELLER,1205-CORE,1206-FINTECH,1207-GENERAL PROJECTS;;;2022;Transferido;.00;.00;.00;.00;.00;.00;.00;8910.00;.00;.00;.00;.00;8910.00;
HADES CAPITAL SAPI DE C.V.,LA HAUS S.A.S.,LA MEJOR LA HAUS  S. DE R.L. de C.V.,LH CAPITAL S.A.S.;12-PRODUCT,1201-FIDUCIA,1202-DESIGN,1203-BUYER,1204-SELLER,1205-CORE,1206-FINTECH,1207-GENERAL PROJECTS;;;2022;Adición;.00;.00;.00;.00;.00;.00;.00;.00;.00;.00;.00;.00;.00;
HADES CAPITAL SAPI DE C.V.,LA HAUS S.A.S.,LA MEJOR LA HAUS  S. DE R.L. de C.V.,LH CAPITAL S.A.S.;12-PRODUCT,1201-FIDUCIA,1202-DESIGN,1203-BUYER,1204-SELLER,1205-CORE,1206-FINTECH,1207-GENERAL PROJECTS;;;2022;Disponible;.00;.00;.00;.00;.00;.00;.00;193442.31;215626.35;215626.35;215626.35;215626.35;1055947.71;
HADES CAPITAL SAPI DE C.V.,LA HAUS S.A.S.,LA MEJOR LA HAUS  S. DE R.L. de C.V.,LH CAPITAL S.A.S.;13-PEOPLE,1301-GENERAL,1302-TALENT ACQUISITION,1303-CULTURE & WELLNES,1304-EMPLOYEE RELATIONS,1305-PERFORMANCE & DEVELOPMENT,1306-GENERAL PROJECTS;;;2022;Presupuestado;.00;.00;.00;.00;.00;.00;.00;123011.75;123011.75;123011.75;123011.75;123011.75;615058.75;
HADES CAPITAL SAPI DE C.V.,LA HAUS S.A.S.,LA MEJOR LA HAUS  S. DE R.L. de C.V.,LH CAPITAL S.A.S.;13-PEOPLE,1301-GENERAL,1302-TALENT ACQUISITION,1303-CULTURE & WELLNES,1304-EMPLOYEE RELATIONS,1305-PERFORMANCE & DEVELOPMENT,1306-GENERAL PROJECTS;;;2022;Reservado;.00;.00;.00;.00;.00;.00;.00;6201.85;.00;.00;.00;.00;6201.85;
HADES CAPITAL SAPI DE C.V.,LA HAUS S.A.S.,LA MEJOR LA HAUS  S. DE R.L. de C.V.,LH CAPITAL S.A.S.;13-PEOPLE,1301-GENERAL,1302-TALENT ACQUISITION,1303-CULTURE & WELLNES,1304-EMPLOYEE RELATIONS,1305-PERFORMANCE & DEVELOPMENT,1306-GENERAL PROJECTS;;;2022;Comprometido;.00;.00;.00;.00;.00;.00;.00;7029.74;.00;.00;.00;.00;7029.74;
HADES CAPITAL SAPI DE C.V.,LA HAUS S.A.S.,LA MEJOR LA HAUS  S. DE R.L. de C.V.,LH CAPITAL S.A.S.;13-PEOPLE,1301-GENERAL,1302-TALENT ACQUISITION,1303-CULTURE & WELLNES,1304-EMPLOYEE RELATIONS,1305-PERFORMANCE & DEVELOPMENT,1306-GENERAL PROJECTS;;;2022;Ejecutado;.00;.00;.00;.00;.00;.00;.00;30882.18;.00;.00;.00;.00;30882.18;
HADES CAPITAL SAPI DE C.V.,LA HAUS S.A.S.,LA MEJOR LA HAUS  S. DE R.L. de C.V.,LH CAPITAL S.A.S.;13-PEOPLE,1301-GENERAL,1302-TALENT ACQUISITION,1303-CULTURE & WELLNES,1304-EMPLOYEE RELATIONS,1305-PERFORMANCE & DEVELOPMENT,1306-GENERAL PROJECTS;;;2022;Pagado;.00;.00;.00;.00;.00;.00;.00;.00;.00;.00;.00;.00;.00;
HADES CAPITAL SAPI DE C.V.,LA HAUS S.A.S.,LA MEJOR LA HAUS  S. DE R.L. de C.V.,LH CAPITAL S.A.S.;13-PEOPLE,1301-GENERAL,1302-TALENT ACQUISITION,1303-CULTURE & WELLNES,1304-EMPLOYEE RELATIONS,1305-PERFORMANCE & DEVELOPMENT,1306-GENERAL PROJECTS;;;2022;Transferido;.00;.00;.00;.00;.00;.00;.00;.00;.00;.00;.00;.00;.00;
HADES CAPITAL SAPI DE C.V.,LA HAUS S.A.S.,LA MEJOR LA HAUS  S. DE R.L. de C.V.,LH CAPITAL S.A.S.;13-PEOPLE,1301-GENERAL,1302-TALENT ACQUISITION,1303-CULTURE & WELLNES,1304-EMPLOYEE RELATIONS,1305-PERFORMANCE & DEVELOPMENT,1306-GENERAL PROJECTS;;;2022;Adición;.00;.00;.00;.00;.00;.00;.00;.00;.00;.00;.00;.00;.00;
HADES CAPITAL SAPI DE C.V.,LA HAUS S.A.S.,LA MEJOR LA HAUS  S. DE R.L. de C.V.,LH CAPITAL S.A.S.;13-PEOPLE,1301-GENERAL,1302-TALENT ACQUISITION,1303-CULTURE & WELLNES,1304-EMPLOYEE RELATIONS,1305-PERFORMANCE & DEVELOPMENT,1306-GENERAL PROJECTS;;;2022;Disponible;.00;.00;.00;.00;.00;.00;.00;85099.84;123011.75;123011.75;123011.75;123011.75;577146.84;
HADES CAPITAL SAPI DE C.V.,LA HAUS S.A.S.,LA MEJOR LA HAUS  S. DE R.L. de C.V.,LH CAPITAL S.A.S.;14-UPPER MANAGEMENT,1401-GENERAL;;;2022;Presupuestado;.00;.00;.00;.00;.00;.00;.00;74052.80;32052.80;32052.80;32052.80;32052.80;160264.00;
HADES CAPITAL SAPI DE C.V.,LA HAUS S.A.S.,LA MEJOR LA HAUS  S. DE R.L. de C.V.,LH CAPITAL S.A.S.;14-UPPER MANAGEMENT,1401-GENERAL;;;2022;Reservado;.00;.00;.00;.00;.00;.00;.00;.00;.00;.00;.00;.00;.00;
HADES CAPITAL SAPI DE C.V.,LA HAUS S.A.S.,LA MEJOR LA HAUS  S. DE R.L. de C.V.,LH CAPITAL S.A.S.;14-UPPER MANAGEMENT,1401-GENERAL;;;2022;Comprometido;.00;.00;.00;.00;.00;.00;.00;52800.00;.00;.00;.00;.00;52800.00;
HADES CAPITAL SAPI DE C.V.,LA HAUS S.A.S.,LA MEJOR LA HAUS  S. DE R.L. de C.V.,LH CAPITAL S.A.S.;14-UPPER MANAGEMENT,1401-GENERAL;;;2022;Ejecutado;.00;.00;.00;.00;.00;.00;.00;47534.63;.00;.00;.00;.00;47534.63;
HADES CAPITAL SAPI DE C.V.,LA HAUS S.A.S.,LA MEJOR LA HAUS  S. DE R.L. de C.V.,LH CAPITAL S.A.S.;14-UPPER MANAGEMENT,1401-GENERAL;;;2022;Pagado;.00;.00;.00;.00;.00;.00;.00;.00;.00;.00;.00;.00;.00;
HADES CAPITAL SAPI DE C.V.,LA HAUS S.A.S.,LA MEJOR LA HAUS  S. DE R.L. de C.V.,LH CAPITAL S.A.S.;14-UPPER MANAGEMENT,1401-GENERAL;;;2022;Transferido;.00;.00;.00;.00;.00;.00;.00;.00;.00;.00;.00;.00;.00;
HADES CAPITAL SAPI DE C.V.,LA HAUS S.A.S.,LA MEJOR LA HAUS  S. DE R.L. de C.V.,LH CAPITAL S.A.S.;14-UPPER MANAGEMENT,1401-GENERAL;;;2022;Adición;.00;.00;.00;.00;.00;.00;.00;42000.00;.00;.00;.00;.00;.00;
HADES CAPITAL SAPI DE C.V.,LA HAUS S.A.S.,LA MEJOR LA HAUS  S. DE R.L. de C.V.,LH CAPITAL S.A.S.;14-UPPER MANAGEMENT,1401-GENERAL;;;2022;Disponible;.00;.00;.00;.00;.00;.00;.00;-26281.83;32052.80;32052.80;32052.80;32052.80;101929.37;
HADES CAPITAL SAPI DE C.V.,LA HAUS CAYMAN,LA HAUS LLC,LA HAUS S.A.S.,LA MEJOR LA HAUS  S. DE R.L. de C.V.,LH CAPITAL S.A.S.;09-REVENUE,0901-DISTRIBUTION,090101-GENERAL,090102-MEXICO,09010201-CIUDAD DE MEXICO,09010202-GUADALAJARA,09010203-MONTERREY,09010204-QUERETARO,09010205-CANCUN,09010206-VIS MEX,090103-COLOMBIA,09010301-BOGOTA,09010302-MEDELLIN,09010303-CALI,09010304-CARIBE,09010305-VIS COL,090104-BRAZIL,09010401-SAO PAULO,0902-LH CASH ADVANCE,090201-GENERAL,090202-MEXICO,09020201-CIUDAD DE MEXICO,09020202-GUADALAJARA,09020203-MONTERREY,09020204-QUERETARO,09020205-CANCUN,090203-COLOMBIA,09020301-BOGOTA,09020302-MEDELLIN,09020303-CALI,09020304-CARIBE,090204-BRAZIL,0903-COLOMBIA,090301-BOGOTA,090302-MEDELLIN,090303-CALI,090304-CARIBE,0904-USED HOUSING,090401-GENERAL,090402-MEXICO,09040201-CIUDAD DE MEXICO,09040202-GUADALAJARA,09040203-MONTERREY,09040204-QUERETARO,09040205-CANCUN,090403-COLOMBIA,09040301-BOGOTA,09040302-MEDELLIN,09040303-CALI,09040304-CARIBE,090404-BRAZIL,09040401-SAO PAULO,0905-GENERAL PROJECTS,090501- VIS;;;2022;Presupuestado;.00;.00;.00;.00;.00;.00;.00;1765495.85;1765495.85;1765495.85;1765495.85;1765495.85;8827479.25;
HADES CAPITAL SAPI DE C.V.,LA HAUS CAYMAN,LA HAUS LLC,LA HAUS S.A.S.,LA MEJOR LA HAUS  S. DE R.L. de C.V.,LH CAPITAL S.A.S.;09-REVENUE,0901-DISTRIBUTION,090101-GENERAL,090102-MEXICO,09010201-CIUDAD DE MEXICO,09010202-GUADALAJARA,09010203-MONTERREY,09010204-QUERETARO,09010205-CANCUN,09010206-VIS MEX,090103-COLOMBIA,09010301-BOGOTA,09010302-MEDELLIN,09010303-CALI,09010304-CARIBE,09010305-VIS COL,090104-BRAZIL,09010401-SAO PAULO,0902-LH CASH ADVANCE,090201-GENERAL,090202-MEXICO,09020201-CIUDAD DE MEXICO,09020202-GUADALAJARA,09020203-MONTERREY,09020204-QUERETARO,09020205-CANCUN,090203-COLOMBIA,09020301-BOGOTA,09020302-MEDELLIN,09020303-CALI,09020304-CARIBE,090204-BRAZIL,0903-COLOMBIA,090301-BOGOTA,090302-MEDELLIN,090303-CALI,090304-CARIBE,0904-USED HOUSING,090401-GENERAL,090402-MEXICO,09040201-CIUDAD DE MEXICO,09040202-GUADALAJARA,09040203-MONTERREY,09040204-QUERETARO,09040205-CANCUN,090403-COLOMBIA,09040301-BOGOTA,09040302-MEDELLIN,09040303-CALI,09040304-CARIBE,090404-BRAZIL,09040401-SAO PAULO,0905-GENERAL PROJECTS,090501- VIS;;;2022;Reservado;.00;.00;.00;.00;.00;.00;.00;42707.48;.00;.00;.00;.00;42707.48;
HADES CAPITAL SAPI DE C.V.,LA HAUS CAYMAN,LA HAUS LLC,LA HAUS S.A.S.,LA MEJOR LA HAUS  S. DE R.L. de C.V.,LH CAPITAL S.A.S.;09-REVENUE,0901-DISTRIBUTION,090101-GENERAL,090102-MEXICO,09010201-CIUDAD DE MEXICO,09010202-GUADALAJARA,09010203-MONTERREY,09010204-QUERETARO,09010205-CANCUN,09010206-VIS MEX,090103-COLOMBIA,09010301-BOGOTA,09010302-MEDELLIN,09010303-CALI,09010304-CARIBE,09010305-VIS COL,090104-BRAZIL,09010401-SAO PAULO,0902-LH CASH ADVANCE,090201-GENERAL,090202-MEXICO,09020201-CIUDAD DE MEXICO,09020202-GUADALAJARA,09020203-MONTERREY,09020204-QUERETARO,09020205-CANCUN,090203-COLOMBIA,09020301-BOGOTA,09020302-MEDELLIN,09020303-CALI,09020304-CARIBE,090204-BRAZIL,0903-COLOMBIA,090301-BOGOTA,090302-MEDELLIN,090303-CALI,090304-CARIBE,0904-USED HOUSING,090401-GENERAL,090402-MEXICO,09040201-CIUDAD DE MEXICO,09040202-GUADALAJARA,09040203-MONTERREY,09040204-QUERETARO,09040205-CANCUN,090403-COLOMBIA,09040301-BOGOTA,09040302-MEDELLIN,09040303-CALI,09040304-CARIBE,090404-BRAZIL,09040401-SAO PAULO,0905-GENERAL PROJECTS,090501- VIS;;;2022;Comprometido;.00;.00;.00;.00;.00;.00;.00;531526.68;.00;.00;.00;.00;531526.68;
HADES CAPITAL SAPI DE C.V.,LA HAUS CAYMAN,LA HAUS LLC,LA HAUS S.A.S.,LA MEJOR LA HAUS  S. DE R.L. de C.V.,LH CAPITAL S.A.S.;09-REVENUE,0901-DISTRIBUTION,090101-GENERAL,090102-MEXICO,09010201-CIUDAD DE MEXICO,09010202-GUADALAJARA,09010203-MONTERREY,09010204-QUERETARO,09010205-CANCUN,09010206-VIS MEX,090103-COLOMBIA,09010301-BOGOTA,09010302-MEDELLIN,09010303-CALI,09010304-CARIBE,09010305-VIS COL,090104-BRAZIL,09010401-SAO PAULO,0902-LH CASH ADVANCE,090201-GENERAL,090202-MEXICO,09020201-CIUDAD DE MEXICO,09020202-GUADALAJARA,09020203-MONTERREY,09020204-QUERETARO,09020205-CANCUN,090203-COLOMBIA,09020301-BOGOTA,09020302-MEDELLIN,09020303-CALI,09020304-CARIBE,090204-BRAZIL,0903-COLOMBIA,090301-BOGOTA,090302-MEDELLIN,090303-CALI,090304-CARIBE,0904-USED HOUSING,090401-GENERAL,090402-MEXICO,09040201-CIUDAD DE MEXICO,09040202-GUADALAJARA,09040203-MONTERREY,09040204-QUERETARO,09040205-CANCUN,090403-COLOMBIA,09040301-BOGOTA,09040302-MEDELLIN,09040303-CALI,09040304-CARIBE,090404-BRAZIL,09040401-SAO PAULO,0905-GENERAL PROJECTS,090501- VIS;;;2022;Ejecutado;.00;.00;.00;.00;.00;.00;.00;62281.72;.00;.00;.00;.00;62281.72;
HADES CAPITAL SAPI DE C.V.,LA HAUS CAYMAN,LA HAUS LLC,LA HAUS S.A.S.,LA MEJOR LA HAUS  S. DE R.L. de C.V.,LH CAPITAL S.A.S.;09-REVENUE,0901-DISTRIBUTION,090101-GENERAL,090102-MEXICO,09010201-CIUDAD DE MEXICO,09010202-GUADALAJARA,09010203-MONTERREY,09010204-QUERETARO,09010205-CANCUN,09010206-VIS MEX,090103-COLOMBIA,09010301-BOGOTA,09010302-MEDELLIN,09010303-CALI,09010304-CARIBE,09010305-VIS COL,090104-BRAZIL,09010401-SAO PAULO,0902-LH CASH ADVANCE,090201-GENERAL,090202-MEXICO,09020201-CIUDAD DE MEXICO,09020202-GUADALAJARA,09020203-MONTERREY,09020204-QUERETARO,09020205-CANCUN,090203-COLOMBIA,09020301-BOGOTA,09020302-MEDELLIN,09020303-CALI,09020304-CARIBE,090204-BRAZIL,0903-COLOMBIA,090301-BOGOTA,090302-MEDELLIN,090303-CALI,090304-CARIBE,0904-USED HOUSING,090401-GENERAL,090402-MEXICO,09040201-CIUDAD DE MEXICO,09040202-GUADALAJARA,09040203-MONTERREY,09040204-QUERETARO,09040205-CANCUN,090403-COLOMBIA,09040301-BOGOTA,09040302-MEDELLIN,09040303-CALI,09040304-CARIBE,090404-BRAZIL,09040401-SAO PAULO,0905-GENERAL PROJECTS,090501- VIS;;;2022;Pagado;.00;.00;.00;.00;.00;.00;.00;.00;.00;.00;.00;.00;.00;
HADES CAPITAL SAPI DE C.V.,LA HAUS CAYMAN,LA HAUS LLC,LA HAUS S.A.S.,LA MEJOR LA HAUS  S. DE R.L. de C.V.,LH CAPITAL S.A.S.;09-REVENUE,0901-DISTRIBUTION,090101-GENERAL,090102-MEXICO,09010201-CIUDAD DE MEXICO,09010202-GUADALAJARA,09010203-MONTERREY,09010204-QUERETARO,09010205-CANCUN,09010206-VIS MEX,090103-COLOMBIA,09010301-BOGOTA,09010302-MEDELLIN,09010303-CALI,09010304-CARIBE,09010305-VIS COL,090104-BRAZIL,09010401-SAO PAULO,0902-LH CASH ADVANCE,090201-GENERAL,090202-MEXICO,09020201-CIUDAD DE MEXICO,09020202-GUADALAJARA,09020203-MONTERREY,09020204-QUERETARO,09020205-CANCUN,090203-COLOMBIA,09020301-BOGOTA,09020302-MEDELLIN,09020303-CALI,09020304-CARIBE,090204-BRAZIL,0903-COLOMBIA,090301-BOGOTA,090302-MEDELLIN,090303-CALI,090304-CARIBE,0904-USED HOUSING,090401-GENERAL,090402-MEXICO,09040201-CIUDAD DE MEXICO,09040202-GUADALAJARA,09040203-MONTERREY,09040204-QUERETARO,09040205-CANCUN,090403-COLOMBIA,09040301-BOGOTA,09040302-MEDELLIN,09040303-CALI,09040304-CARIBE,090404-BRAZIL,09040401-SAO PAULO,0905-GENERAL PROJECTS,090501- VIS;;;2022;Transferido;.00;.00;.00;.00;.00;.00;.00;.00;.00;.00;.00;.00;.00;
HADES CAPITAL SAPI DE C.V.,LA HAUS CAYMAN,LA HAUS LLC,LA HAUS S.A.S.,LA MEJOR LA HAUS  S. DE R.L. de C.V.,LH CAPITAL S.A.S.;09-REVENUE,0901-DISTRIBUTION,090101-GENERAL,090102-MEXICO,09010201-CIUDAD DE MEXICO,09010202-GUADALAJARA,09010203-MONTERREY,09010204-QUERETARO,09010205-CANCUN,09010206-VIS MEX,090103-COLOMBIA,09010301-BOGOTA,09010302-MEDELLIN,09010303-CALI,09010304-CARIBE,09010305-VIS COL,090104-BRAZIL,09010401-SAO PAULO,0902-LH CASH ADVANCE,090201-GENERAL,090202-MEXICO,09020201-CIUDAD DE MEXICO,09020202-GUADALAJARA,09020203-MONTERREY,09020204-QUERETARO,09020205-CANCUN,090203-COLOMBIA,09020301-BOGOTA,09020302-MEDELLIN,09020303-CALI,09020304-CARIBE,090204-BRAZIL,0903-COLOMBIA,090301-BOGOTA,090302-MEDELLIN,090303-CALI,090304-CARIBE,0904-USED HOUSING,090401-GENERAL,090402-MEXICO,09040201-CIUDAD DE MEXICO,09040202-GUADALAJARA,09040203-MONTERREY,09040204-QUERETARO,09040205-CANCUN,090403-COLOMBIA,09040301-BOGOTA,09040302-MEDELLIN,09040303-CALI,09040304-CARIBE,090404-BRAZIL,09040401-SAO PAULO,0905-GENERAL PROJECTS,090501- VIS;;;2022;Adición;.00;.00;.00;.00;.00;.00;.00;.00;.00;.00;.00;.00;.00;
HADES CAPITAL SAPI DE C.V.,LA HAUS CAYMAN,LA HAUS LLC,LA HAUS S.A.S.,LA MEJOR LA HAUS  S. DE R.L. de C.V.,LH CAPITAL S.A.S.;09-REVENUE,0901-DISTRIBUTION,090101-GENERAL,090102-MEXICO,09010201-CIUDAD DE MEXICO,09010202-GUADALAJARA,09010203-MONTERREY,09010204-QUERETARO,09010205-CANCUN,09010206-VIS MEX,090103-COLOMBIA,09010301-BOGOTA,09010302-MEDELLIN,09010303-CALI,09010304-CARIBE,09010305-VIS COL,090104-BRAZIL,09010401-SAO PAULO,0902-LH CASH ADVANCE,090201-GENERAL,090202-MEXICO,09020201-CIUDAD DE MEXICO,09020202-GUADALAJARA,09020203-MONTERREY,09020204-QUERETARO,09020205-CANCUN,090203-COLOMBIA,09020301-BOGOTA,09020302-MEDELLIN,09020303-CALI,09020304-CARIBE,090204-BRAZIL,0903-COLOMBIA,090301-BOGOTA,090302-MEDELLIN,090303-CALI,090304-CARIBE,0904-USED HOUSING,090401-GENERAL,090402-MEXICO,09040201-CIUDAD DE MEXICO,09040202-GUADALAJARA,09040203-MONTERREY,09040204-QUERETARO,09040205-CANCUN,090403-COLOMBIA,09040301-BOGOTA,09040302-MEDELLIN,09040303-CALI,09040304-CARIBE,090404-BRAZIL,09040401-SAO PAULO,0905-GENERAL PROJECTS,090501- VIS;;;2022;Disponible;.00;.00;.00;.00;.00;.00;.00;1171687.45;1765495.85;1765495.85;1765495.85;1765495.85;8233670.85;
